wkt_geom,fid,full_id,osm_id,osm_type,highway,covered,embankment,bridge:name,trail_visibility,mtb:scale:uphill,mtb:scale,incline,kerb,crossing:markings,golf,crossing,width,horse,motor_vehicle,segregated,access,footway,foot,lit,tunnel,layer,bridge,name,oneway,surface,bicycle
"LineString (-106.64639520000000061 52.0900310000000033, -106.64639390000000674 52.09025599999999656, -106.64638239999999314 52.09026709999999838, -106.64634289999999339 52.09028409999999809, -106.646343200000004 52.09032690000000088, -106.64634420000000148 52.09039810000000159, -106.64628670000000454 52.0904342999999983, -106.64622439999999415 52.09047170000000193, -106.64629419999999982 52.09052030000000144, -106.64633240000000569 52.09056149999999974, -106.64636400000000549 52.09061410000000336, -106.64638109999999926 52.0906755999999973, -106.64637580000000128 52.09120250000000141, -106.6463657999999981 52.09194560000000251, -106.64636179999999399 52.09235509999999891, -106.64634259999999699 52.09239139999999679, -106.64633739999999307 52.09246710000000036, -106.64633469999999704 52.09255480000000205, -106.64635839999999689 52.09258390000000105, -106.64636629999999684 52.09289780000000292, -106.64644180000000517 52.09289729999999707, -106.64657359999999642 52.09289640000000077, -106.64667629999999576 52.09289549999999736, -106.64668090000000689 52.09297839999999979, -106.64668489999999679 52.09303239999999846, -106.64668539999999552 52.09303859999999986, -106.64666119999999694 52.09305710000000289, -106.64664759999999433 52.09308039999999806, -106.64663989999999671 52.0951367999999988, -106.64664019999999311 52.0951808000000014, -106.64667049999999904 52.095203699999999, -106.6467241999999942 52.09521660000000054, -106.64728700000000572 52.09521939999999773, -106.64751110000000267 52.09522059999999755, -106.6476092000000051 52.09522379999999941, -106.6478824000000003 52.09524530000000198, -106.64793380000000411 52.09523939999999698, -106.64795949999999891 52.09522530000000273, -106.64797110000000657 52.09519939999999849, -106.6479735000000062 52.09391409999999922, -106.64801079999999445 52.09383809999999926, -106.64807620000000554 52.09378790000000237, -106.64818359999999586 52.09376629999999864, -106.6501169999999945 52.09377349999999751, -106.65015900000000215 52.09375920000000093, -106.65017299999999523 52.09372330000000062, -106.65017299999999523 52.09338900000000194, -106.65017299999999523 52.09310930000000184, -106.65013329999999314 52.09305619999999948, -106.65007500000000107 52.09304039999999958, -106.64728809999999726 52.09303589999999673, -106.64675019999999961 52.09303799999999995, -106.64668539999999552 52.09303859999999986)",962,w428904372,428904372,way,footway,NULL,NULL,NULL,NULL,NULL,NULL,NULL,NULL,NULL,NULL,NULL,NULL,NULL,NULL,NULL,NULL,NULL,NULL,NULL,NULL,NULL,NULL,NULL,NULL,NULL,NULL
"LineString (-106.64639239999999631 52.08952740000000148, -106.64639520000000061 52.0900310000000033)",963,w428904374,428904374,way,footway,NULL,NULL,NULL,NULL,NULL,NULL,NULL,NULL,NULL,NULL,NULL,NULL,NULL,NULL,NULL,NULL,NULL,NULL,NULL,NULL,1,yes,NULL,NULL,NULL,NULL
"LineString (-106.64636629999999684 52.09289780000000292, -106.64619369999999776 52.09291770000000099)",977,w429291664,429291664,way,footway,NULL,NULL,NULL,NULL,NULL,NULL,NULL,NULL,NULL,NULL,NULL,NULL,NULL,NULL,NULL,NULL,NULL,NULL,NULL,NULL,NULL,NULL,NULL,NULL,NULL,NULL
"LineString (-106.65373429999999644 52.09304569999999757, -106.65371810000000607 52.09297990000000311, -106.65369979999999828 52.09290579999999693, -106.65368750000000375 52.09289739999999824, -106.65362659999999551 52.09285590000000354, -106.65352289999999869 52.09279719999999969, -106.65349650000000281 52.09277219999999886, -106.65348840000000052 52.09238500000000016, -106.6534987000000001 52.09233840000000271, -106.6535046000000051 52.09231129999999865, -106.65348430000000235 52.09224389999999971, -106.65331360000000416 52.092049099999997, -106.6533079000000015 52.09202530000000309, -106.65329930000000047 52.09198909999999927, -106.65335009999999727 52.09186799999999806, -106.65345379999999409 52.09176310000000143, -106.65356970000000558 52.0916994000000031, -106.65396400000000199 52.09155330000000106, -106.65409820000000707 52.09145459999999872, -106.65423640000000205 52.09127600000000058, -106.65429740000000436 52.09122849999999971, -106.65434820000000116 52.09121729999999673, -106.65445189999999798 52.09123230000000149, -106.65452910000000486 52.0912684999999982, -106.65466130000000078 52.09142210000000262, -106.65469579999999894 52.09149210000000352, -106.65469170000000076 52.09156320000000306, -106.65465310000000443 52.09160949999999701, -106.65440309999999613 52.09177559999999829, -106.65435229999999933 52.09183180000000135, -106.65435100000000546 52.09187810000000241, -106.65435019999999611 52.09190670000000267, -106.65437169999999867 52.09198119999999932, -106.65450439999999332 52.09200620000000015, -106.65458940000000609 52.09203550000000149, -106.65467789999999582 52.09209640000000263, -106.654688500000006 52.09212360000000075, -106.65467789999999582 52.09218560000000053, -106.65463889999999481 52.09222249999999832, -106.65456109999999512 52.09225630000000251, -106.65450090000000216 52.09225949999999727, -106.65444599999999298 52.09225519999999676, -106.65432769999999607 52.09220859999999931, -106.65429419999999539 52.09220359999999772, -106.65424339999999859 52.0922111000000001, -106.65390490000000057 52.09242840000000285, -106.65387749999999301 52.09245399999999648, -106.65386829999999918 52.09248209999999801, -106.65387749999999301 52.09285919999999948, -106.65389380000000585 52.09288920000000189, -106.65393240000000219 52.09290670000000034, -106.65399240000000702 52.0929126999999994, -106.6553169999999966 52.0929222999999979)",980,w429864573,429864573,way,footway,NULL,NULL,NULL,NULL,NULL,NULL,NULL,NULL,NULL,NULL,NULL,NULL,NULL,NULL,NULL,NULL,NULL,NULL,NULL,NULL,NULL,NULL,NULL,NULL,NULL,NULL
"LineString (-106.65435100000000546 52.09187810000000241, -106.65419190000000071 52.0919124999999994, -106.65398179999999684 52.09199279999999987, -106.65389500000000567 52.09204840000000303, -106.65376000000000545 52.09213479999999663, -106.6534987000000001 52.09233840000000271, -106.65335129999999708 52.09244329999999934, -106.65304310000000498 52.09262549999999692, -106.65295670000000428 52.09266279999999938, -106.65214880000000619 52.09280909999999665, -106.65208810000000028 52.09284639999999911, -106.65206240000000548 52.09288659999999993, -106.65206480000000511 52.09291089999999969)",981,w429864574,429864574,way,footway,NULL,NULL,NULL,NULL,NULL,NULL,NULL,NULL,NULL,NULL,NULL,NULL,NULL,NULL,NULL,NULL,NULL,NULL,NULL,NULL,NULL,NULL,NULL,NULL,NULL,NULL
"LineString (-106.65389500000000567 52.09204840000000303, -106.65366889999999955 52.09206449999999933, -106.65346110000000124 52.0920558999999983, -106.6533079000000015 52.09202530000000309, -106.65312950000000569 52.09198419999999885, -106.65267190000000141 52.09194550000000135)",982,w429864575,429864575,way,footway,NULL,NULL,NULL,NULL,NULL,NULL,NULL,NULL,NULL,NULL,NULL,NULL,NULL,NULL,NULL,NULL,NULL,NULL,NULL,NULL,NULL,NULL,NULL,NULL,NULL,NULL
"LineString (-106.65368750000000375 52.09289739999999824, -106.6536547999999982 52.09290790000000015, -106.65360250000000519 52.09291280000000057, -106.65206480000000511 52.09291089999999969, -106.65197720000000459 52.09291079999999852, -106.65151570000000447 52.09291040000000095, -106.65147550000000365 52.09290539999999936, -106.65144460000000493 52.09288730000000101, -106.65143079999999998 52.09286970000000139, -106.65142319999999643 52.09286010000000289, -106.65142989999999656 52.09248190000000278, -106.65144490000000133 52.09243120000000005, -106.65150389999999447 52.09230879999999786, -106.65161870000000022 52.09217910000000273, -106.65168730000000608 52.09212519999999813, -106.65211399999999742 52.09190799999999655, -106.65214869999999792 52.09189940000000263, -106.65219410000000266 52.09189659999999833, -106.65222950000000424 52.09190459999999945, -106.65241749999999854 52.09202909999999775, -106.6524452000000025 52.09203620000000257, -106.65251069999999345 52.09203999999999724, -106.65256770000000586 52.09203339999999827, -106.65261239999999532 52.09202200000000005, -106.65263849999999479 52.09200500000000034, -106.65266699999999389 52.09197180000000316, -106.65267190000000141 52.09194550000000135, -106.65266780000000324 52.09190459999999945, -106.65264550000000554 52.09186489999999736, -106.65254070000000297 52.09176879999999699, -106.65252689999999802 52.09174709999999919, -106.65252529999999354 52.09172530000000023, -106.6525400000000019 52.09170449999999875, -106.65301209999999799 52.09147120000000086, -106.65303749999999638 52.09145130000000279, -106.65305990000000236 52.09142049999999813, -106.65306990000000553 52.09139119999999679, -106.65306680000000483 52.09133630000000181, -106.65304449999999292 52.09130880000000019, -106.65299980000000346 52.09128139999999973, -106.65296209999999633 52.09127099999999899, -106.65287419999999941 52.09126669999999848, -106.65282340000000261 52.09127289999999988, -106.65277030000000025 52.09129269999999678, -106.65273709999999596 52.09132160000000056, -106.65268550000000403 52.09147449999999679, -106.65266630000000703 52.09150429999999687, -106.65262199999999382 52.0915346000000028, -106.6523057999999935 52.09168840000000245, -106.65226570000000095 52.0916963000000024, -106.65222540000000606 52.09169390000000277, -106.65216409999999314 52.09166989999999942, -106.6518166999999977 52.0913983000000016, -106.65174890000000119 52.09135330000000152, -106.65166259999999454 52.09131550000000033, -106.65157460000000356 52.09128840000000338, -106.65146930000000225 52.09126150000000166, -106.65136490000000435 52.09124580000000293, -106.65123049999999694 52.09123410000000121, -106.65012129999999502 52.09120750000000299, -106.64960960000000512 52.09119919999999837, -106.64955120000000477 52.09120399999999762, -106.64943529999999328 52.09122090000000327, -106.64932810000000529 52.09124920000000003, -106.64921760000000006 52.09129430000000127, -106.64892559999999833 52.09146230000000344, -106.6488822999999968 52.09149039999999786, -106.64880259999999623 52.09153729999999882, -106.64865880000000686 52.09163039999999967, -106.64859819999999502 52.0916872999999967, -106.64855310000000088 52.09174329999999742, -106.64852480000000412 52.09180039999999678, -106.64850710000000333 52.09188470000000137, -106.6485040999999967 52.0924424999999971, -106.64850710000000333 52.09278220000000204, -106.64850529999999651 52.09285390000000149, -106.64849649999999315 52.09288109999999961, -106.64848589999999717 52.09289470000000222, -106.6484504999999956 52.09291319999999814, -106.64841160000000286 52.0929191999999972, -106.64679590000000076 52.0929120999999995, -106.6467427999999984 52.09291100000000085, -106.64670390000000566 52.09290610000000044, -106.64667629999999576 52.09289549999999736)",983,w429872666,429872666,way,footway,NULL,NULL,NULL,NULL,NULL,NULL,NULL,NULL,NULL,NULL,NULL,NULL,NULL,NULL,NULL,NULL,NULL,NULL,NULL,NULL,NULL,NULL,NULL,NULL,NULL,NULL
"LineString (-106.65144460000000493 52.09288730000000101, -106.65144569999999646 52.09296549999999826, -106.6514456000000024 52.09303690000000131)",984,w429872667,429872667,way,footway,NULL,NULL,NULL,NULL,NULL,NULL,NULL,NULL,NULL,NULL,NULL,NULL,NULL,NULL,NULL,NULL,NULL,NULL,NULL,NULL,NULL,NULL,NULL,NULL,NULL,NULL
"LineString (-106.65033459999999366 52.09291770000000099, -106.65112770000000353 52.0929118000000031, -106.65117519999999729 52.09290940000000347, -106.65120880000000625 52.09290270000000334, -106.65123629999999366 52.09288829999999848, -106.65125439999999912 52.09286420000000106, -106.65125829999999496 52.09283949999999663, -106.65125829999999496 52.09258650000000301, -106.65126999999999668 52.09248339999999899, -106.65130779999999788 52.0923380999999992, -106.65137860000000103 52.09223169999999925, -106.65148360000000594 52.09212130000000229, -106.65152919999999881 52.09208470000000091, -106.65163189999999815 52.09201240000000155, -106.65203030000000695 52.0918171000000001, -106.6520517999999953 52.09180150000000253, -106.65205949999999291 52.09178020000000231, -106.65206030000000226 52.09175890000000209, -106.65204719999999838 52.09174370000000209, -106.65167900000000145 52.09145790000000176, -106.65161820000000148 52.09142150000000271, -106.65156349999999463 52.0913991999999979, -106.65143329999999366 52.09135950000000292, -106.65131700000000592 52.09133909999999901, -106.65123230000000376 52.09133680000000055, -106.65066149999999823 52.09132439999999775, -106.6506145000000032 52.09133719999999812, -106.65059039999999868 52.09135249999999928, -106.65057579999999859 52.09137599999999679, -106.65055519999999945 52.09170319999999776, -106.65051830000000166 52.09177429999999731, -106.65027179999999873 52.09201490000000234, -106.65022600000000352 52.09206400000000059, -106.65022480000000371 52.09215170000000228, -106.65021550000000161 52.09218340000000325, -106.65018630000000144 52.09221649999999926, -106.6501576 52.09223269999999673, -106.65014080000000263 52.09224209999999999, -106.65007070000000056 52.0922582000000034, -106.65002839999999651 52.09226009999999718, -106.64997839999999485 52.09225339999999704, -106.64996440000000177 52.09225150000000326, -106.64991440000000011 52.09223120000000051, -106.64987580000000378 52.09220849999999814, -106.64987220000000434 52.09220040000000296, -106.64986509999999953 52.09218429999999955, -106.64985740000000192 52.09213090000000079, -106.64986380000000565 52.09211859999999916, -106.64987580000000378 52.09209580000000273, -106.64991899999999703 52.09206700000000012, -106.65008690000000513 52.09200880000000211, -106.65011389999999381 52.09198839999999819, -106.65034880000000328 52.09177830000000142, -106.65038040000000308 52.09173849999999817, -106.650398899999999 52.09168929999999875, -106.65040729999999769 52.09164770000000289, -106.6504149999999953 52.09136039999999923, -106.65040120000000456 52.09134149999999863, -106.65037110000000098 52.09132439999999775, -106.65033719999999562 52.09131639999999663, -106.64961780000000147 52.0913031999999987, -106.64955999999999392 52.09130669999999697, -106.64947680000000219 52.09132110000000182, -106.64938060000000064 52.09134860000000344, -106.64934359999999458 52.09136420000000101, -106.64877799999999297 52.09170290000000136, -106.64875019999999495 52.09172720000000112, -106.64869969999999455 52.09180010000000038, -106.64868269999999484 52.09184410000000298, -106.64867809999999793 52.09187810000000241, -106.64866650000000448 52.09286300000000125, -106.6486818999999997 52.09288899999999956, -106.64869930000000409 52.09289780000000292, -106.64871270000000436 52.09290459999999712, -106.64875589999999761 52.0929126999999994, -106.65033459999999366 52.09291770000000099)",985,w429872668,429872668,way,footway,NULL,NULL,NULL,NULL,NULL,NULL,NULL,NULL,NULL,NULL,NULL,NULL,NULL,NULL,NULL,NULL,NULL,NULL,NULL,NULL,NULL,NULL,NULL,NULL,NULL,NULL
"LineString (-106.65033459999999366 52.09291770000000099, -106.65033339999999384 52.09297159999999849, -106.65033230000000231 52.09307969999999699, -106.65032610000000091 52.09310370000000034, -106.65032320000000254 52.09338900000000194, -106.65031810000000689 52.09370679999999965, -106.65034079999999506 52.09374160000000131, -106.65040120000000456 52.09375630000000257, -106.65236459999999852 52.09375889999999742, -106.65250140000000556 52.09378430000000293, -106.65259260000000552 52.09384029999999655, -106.65261669999999583 52.09389139999999685, -106.65268910000000346 52.09436759999999822, -106.65275350000000287 52.09459830000000125, -106.65287960000000567 52.09486859999999808, -106.65319069999999613 52.09538599999999775, -106.6533141000000029 52.09551940000000059, -106.65336770000000399 52.09553590000000156, -106.65354209999999568 52.09551780000000321, -106.65391030000000683 52.09545529999999758, -106.65394980000000658 52.09544859999999744, -106.6543843000000038 52.09534969999999987, -106.65441380000000038 52.0953267000000011, -106.65440839999999412 52.09529040000000322, -106.65404630000000452 52.09473510000000118, -106.6538960999999972 52.09444009999999992, -106.65382370000000378 52.09418139999999653, -106.65378880000000095 52.09403970000000328, -106.65377010000000269 52.09384519999999696, -106.65376519999999516 52.09338220000000064, -106.6537620000000004 52.09307400000000143, -106.65373429999999644 52.09304569999999757, -106.65368420000000071 52.09303280000000314, -106.6514456000000024 52.09303690000000131, -106.65060769999999479 52.09303779999999762, -106.65039960000000008 52.09303870000000103, -106.65035369999999659 52.09305659999999705, -106.65033230000000231 52.09307969999999699)",986,w429872669,429872669,way,footway,NULL,NULL,NULL,NULL,NULL,NULL,NULL,NULL,NULL,NULL,NULL,NULL,NULL,NULL,NULL,NULL,NULL,NULL,NULL,NULL,NULL,NULL,NULL,NULL,NULL,NULL
"LineString (-106.65237530000000277 52.09386659999999836, -106.65242150000000265 52.09387420000000191, -106.65243999999999858 52.09391209999999717, -106.65244930000000068 52.09410890000000194, -106.65247700000000464 52.09429819999999722, -106.65255709999999567 52.09457270000000051, -106.65270610000000318 52.09490610000000288, -106.65310239999999453 52.09550399999999826, -106.65309940000000211 52.09553240000000329, -106.65306549999999675 52.09555890000000034, -106.65284049999999638 52.09557209999999827, -106.65252049999999429 52.0955748000000014, -106.6519315999999975 52.09557970000000182, -106.65186690000000169 52.09556640000000272, -106.65180839999999307 52.09551530000000241, -106.65149409999999364 52.09487179999999995, -106.6514233000000047 52.09469380000000172, -106.65137710000000482 52.09465219999999874, -106.65126920000000155 52.09460870000000199, -106.65107020000000659 52.09458779999999933, -106.64955310000000566 52.09458779999999933, -106.64947300000000041 52.09460870000000199, -106.64938979999999447 52.09466170000000318, -106.64934970000000192 52.09473549999999875, -106.64936199999999644 52.095466100000003, -106.64935280000000262 52.09551150000000064, -106.64931579999999656 52.09552860000000152, -106.64925110000000075 52.09552289999999886, -106.64876750000000527 52.09541469999999919, -106.64821899999999744 52.0952920000000006, -106.6481389000000064 52.09525980000000089, -106.64811729999999557 52.09521999999999764, -106.64815749999999639 52.09397090000000219, -106.64817739999999446 52.09391469999999913, -106.64826370000000111 52.09388030000000214, -106.6487800999999962 52.09387830000000008, -106.65184940000000324 52.09386889999999681, -106.65237530000000277 52.09386659999999836)",987,w429914641,429914641,way,footway,NULL,NULL,NULL,NULL,NULL,NULL,NULL,NULL,NULL,NULL,NULL,NULL,NULL,NULL,NULL,NULL,NULL,NULL,NULL,NULL,NULL,NULL,NULL,NULL,NULL,NULL
"LineString (-106.65570940000000633 52.0949462999999966, -106.65571559999999351 52.09496839999999906, -106.65571339999999623 52.09498700000000326, -106.65570280000000025 52.09499439999999737, -106.65567690000000312 52.09500700000000251, -106.65515670000000625 52.09514490000000109, -106.65467150000000629 52.09527349999999757, -106.65463049999999612 52.09528009999999654, -106.65458510000000558 52.09526869999999832, -106.65456170000000213 52.09525610000000029, -106.65426619999999502 52.09479470000000134, -106.65411170000000141 52.09450240000000321, -106.65403449999999452 52.09429260000000284, -106.65398969999999679 52.09405530000000084, -106.65396540000000414 52.09389050000000054, -106.6539499999999947 52.09338240000000297, -106.65394100000000321 52.0930837000000011, -106.65396130000000596 52.09304879999999827, -106.65401819999999589 52.09303129999999982, -106.65510369999999796 52.09303380000000061, -106.65518090000000484 52.09305379999999985, -106.65519720000000348 52.0930837000000011, -106.65519390000000044 52.09338859999999727, -106.65518910000000119 52.0938256000000024, -106.65520130000000165 52.09398540000000111, -106.65527439999999615 52.09425269999999841, -106.65535570000000121 52.09441249999999712, -106.65570940000000633 52.0949462999999966)",988,w429922998,429922998,way,footway,NULL,NULL,NULL,NULL,NULL,NULL,NULL,NULL,NULL,NULL,NULL,NULL,NULL,NULL,NULL,NULL,NULL,NULL,NULL,NULL,NULL,NULL,NULL,NULL,NULL,NULL
"LineString (-106.65596209999999644 52.09492339999999899, -106.65600440000000049 52.09492190000000278, -106.6564975000000004 52.0947880000000012, -106.6569513000000029 52.09466479999999677, -106.65697539999999321 52.09463929999999721, -106.65696599999999705 52.09461129999999685, -106.65672449999999571 52.09427469999999971, -106.65669800000000578 52.09421259999999876, -106.65670020000000306 52.09409120000000115, -106.6567131000000046 52.09388930000000073, -106.65677410000000691 52.09380689999999703, -106.65689199999999914 52.09375200000000206, -106.65703229999999735 52.09373209999999688, -106.65794449999999927 52.09372570000000024, -106.658008499999994 52.09371399999999852, -106.6580459999999988 52.09367979999999676, -106.65805199999999786 52.09338739999999746, -106.6580581000000052 52.09309199999999862, -106.6580369999999931 52.09305059999999798, -106.65799450000000093 52.09303390000000178, -106.65693790000000263 52.0930357000000015, -106.65546899999999653 52.0930388000000022, -106.65541620000000478 52.09304509999999766, -106.65539990000000614 52.0930712999999983, -106.65540479999999945 52.09338939999999951, -106.65541140000000553 52.09381789999999768, -106.65542639999999608 52.09399049999999676, -106.65548939999999334 52.09420029999999713, -106.65558900000000619 52.09442510000000226, -106.65574429999999495 52.09465329999999739, -106.65593069999999898 52.09490459999999956, -106.65596209999999644 52.09492339999999899)",989,w429922999,429922999,way,footway,NULL,NULL,NULL,NULL,NULL,NULL,NULL,NULL,NULL,NULL,NULL,NULL,NULL,NULL,NULL,NULL,NULL,NULL,NULL,NULL,NULL,NULL,NULL,NULL,NULL,NULL
"LineString (-106.65167340000000706 52.09572159999999741, -106.6516711000000015 52.09564869999999814, -106.6516711000000015 52.09558959999999672, -106.6500178999999946 52.09558820000000168, -106.64955089999999416 52.09555799999999692, -106.6495479999999958 52.09562269999999984, -106.64954579999999851 52.0956980999999999)",990,w430050245,430050245,way,footway,NULL,NULL,NULL,NULL,NULL,NULL,NULL,NULL,NULL,NULL,NULL,NULL,NULL,NULL,NULL,NULL,NULL,NULL,NULL,NULL,NULL,NULL,NULL,NULL,NULL,NULL
"LineString (-106.64667049999999904 52.095203699999999, -106.6466505000000069 52.09521149999999778, -106.6466513999999961 52.09533540000000329, -106.64664989999999989 52.09541500000000269)",991,w430075467,430075467,way,footway,NULL,NULL,NULL,NULL,NULL,NULL,NULL,NULL,NULL,NULL,NULL,NULL,NULL,NULL,NULL,NULL,NULL,NULL,NULL,NULL,NULL,NULL,NULL,NULL,NULL,NULL
"LineString (-106.6466505000000069 52.09521149999999778, -106.64656109999999956 52.09521260000000353, -106.64646199999999965 52.09521199999999652, -106.64622629999999504 52.09520979999999923, -106.64615279999999586 52.09520899999999699)",992,w430075468,430075468,way,footway,NULL,NULL,NULL,NULL,NULL,NULL,NULL,NULL,NULL,NULL,NULL,NULL,NULL,NULL,NULL,NULL,NULL,NULL,NULL,NULL,NULL,NULL,NULL,NULL,NULL,NULL
"LineString (-106.66100740000000258 52.09555499999999739, -106.66102030000000411 52.095612899999999, -106.66100219999999865 52.09566519999999912, -106.66094300000000317 52.09570529999999877, -106.66044970000000092 52.09586749999999711, -106.65994829999999638 52.09603239999999857, -106.65990859999999429 52.09606250000000216, -106.65991789999999639 52.09610270000000298, -106.66037090000000376 52.09663780000000344, -106.66041289999999719 52.09666070000000104, -106.66047600000000273 52.09666210000000319, -106.66100570000000403 52.09649060000000276, -106.66257980000000316 52.09598079999999953, -106.6626124999999945 52.09595060000000188, -106.6626124999999945 52.09591759999999994, -106.66237010000000396 52.09563719999999876, -106.66063479999999686 52.09362959999999987, -106.66046900000000619 52.09346029999999672, -106.66027979999999786 52.09333259999999655, -106.65999730000000056 52.09319779999999867, -106.65968669999999463 52.09310020000000208, -106.65944159999999385 52.0930585999999991, -106.659226799999999 52.09303709999999654, -106.65829739999999504 52.09304000000000201, -106.65823899999999469 52.0930515000000014, -106.65821800000000508 52.09307869999999951, -106.65822160000000451 52.09338739999999746, -106.65822500000000161 52.09368270000000223, -106.65824369999999988 52.09371279999999871, -106.65830210000000022 52.0937242999999981, -106.65858459999999752 52.09372570000000024, -106.65874289999999291 52.09373360000000019, -106.65896990000000244 52.09376160000000056, -106.65928049999999416 52.09384049999999888, -106.65951160000000186 52.09393659999999926, -106.65970780000000673 52.09407139999999714, -106.65984090000000606 52.09420339999999783, -106.66100740000000258 52.09555499999999739)",993,w430348580,430348580,way,footway,NULL,NULL,NULL,NULL,NULL,NULL,NULL,NULL,NULL,NULL,NULL,NULL,NULL,NULL,NULL,NULL,NULL,NULL,NULL,NULL,NULL,NULL,NULL,NULL,NULL,NULL
"LineString (-106.65877589999999486 52.09385069999999729, -106.65842990000000157 52.09383420000000342, -106.65815800000000024 52.09383720000000295, -106.65701319999999441 52.09384250000000094, -106.65690250000000106 52.09386640000000313, -106.65686230000000023 52.09391500000000264, -106.65685100000000318 52.09418560000000298, -106.65685009999999977 52.09420829999999825, -106.65686809999999696 52.09425439999999696, -106.65712030000000254 52.09460219999999708, -106.65715980000000229 52.09462239999999866, -106.65719590000000494 52.09462889999999646, -106.65759309999999971 52.09458899999999915, -106.65784789999999305 52.09459559999999811, -106.65815369999999973 52.09463680000000352, -106.65848359999999673 52.09473229999999688, -106.65871160000000373 52.09483939999999791, -106.65891809999999396 52.09496959999999888, -106.65911930000000041 52.09516740000000112, -106.65976030000000208 52.0959270000000032, -106.65980589999999495 52.09595010000000315, -106.65987830000000258 52.09594349999999707, -106.66037009999999441 52.09577709999999939, -106.66077420000000586 52.09564029999999946, -106.66082780000000696 52.09560069999999854, -106.66082509999999672 52.0955561999999972, -106.6597308000000055 52.09431539999999927, -106.65954299999999932 52.09413419999999917, -106.65933379999999886 52.09399570000000068, -106.65906830000000127 52.09390510000000063, -106.65877589999999486 52.09385069999999729)",994,w430348582,430348582,way,footway,NULL,NULL,NULL,NULL,NULL,NULL,NULL,NULL,NULL,NULL,NULL,NULL,NULL,NULL,NULL,NULL,NULL,NULL,NULL,NULL,NULL,NULL,NULL,NULL,asphalt,NULL
"LineString (-106.65719590000000494 52.09462889999999646, -106.65723420000000488 52.09468199999999882, -106.6572752999999949 52.09473530000000352)",995,w430362905,430362905,way,footway,NULL,NULL,NULL,NULL,NULL,NULL,NULL,NULL,NULL,NULL,NULL,NULL,NULL,NULL,NULL,NULL,NULL,NULL,NULL,NULL,NULL,NULL,NULL,NULL,NULL,NULL
"LineString (-106.66041289999999719 52.09666070000000104, -106.66030560000000094 52.09669999999999845, -106.66019369999999356 52.09674019999999928)",996,w430369228,430369228,way,footway,NULL,NULL,NULL,NULL,NULL,NULL,NULL,NULL,NULL,NULL,NULL,NULL,NULL,NULL,NULL,NULL,NULL,NULL,NULL,NULL,NULL,NULL,NULL,NULL,NULL,NULL
"LineString (-106.65605490000000088 52.09507059999999967, -106.65606529999999452 52.09512840000000011, -106.65672150000000329 52.09605539999999735, -106.65676519999999527 52.09614109999999698, -106.65678640000000144 52.09619390000000294, -106.6567921000000041 52.09620809999999835, -106.6568053999999961 52.09625510000000048, -106.65684469999999351 52.09639460000000355, -106.65685310000000641 52.09643340000000222, -106.65685790000000566 52.09647329999999954, -106.65685969999999827 52.09721619999999831, -106.65687389999999368 52.09724450000000218, -106.6569199999999995 52.09725490000000292, -106.65754900000000305 52.09725480000000175, -106.6580366999999967 52.09725470000000058, -106.658274899999995 52.09725470000000058, -106.65835649999999646 52.09725470000000058, -106.65851189999999349 52.09724539999999848, -106.6585350999999946 52.09724210000000255, -106.65867179999999337 52.09722270000000321, -106.65892719999999372 52.09716470000000044, -106.66016380000000652 52.09676569999999884, -106.66019369999999356 52.09674019999999928, -106.66019799999999407 52.09671279999999882, -106.66016310000000544 52.09665840000000259, -106.65960339999999462 52.09601729999999975, -106.65906019999999899 52.09537590000000051)",997,w430369229,430369229,way,footway,NULL,NULL,NULL,NULL,NULL,NULL,NULL,NULL,NULL,NULL,NULL,NULL,NULL,NULL,NULL,NULL,NULL,NULL,NULL,NULL,NULL,NULL,NULL,NULL,NULL,NULL
"LineString (-106.65980589999999495 52.09595010000000315, -106.65970120000000065 52.09598619999999869, -106.65960339999999462 52.09601729999999975)",998,w430369238,430369238,way,footway,NULL,NULL,NULL,NULL,NULL,NULL,NULL,NULL,NULL,NULL,NULL,NULL,NULL,NULL,NULL,NULL,NULL,NULL,NULL,NULL,NULL,NULL,NULL,NULL,NULL,NULL
"LineString (-106.65605490000000088 52.09507059999999967, -106.65627150000000256 52.09515209999999996, -106.65669330000000059 52.09527800000000042, -106.65675020000000472 52.09529489999999896, -106.65724600000000066 52.09540419999999727, -106.65736569999999972 52.09548399999999901, -106.65745119999999702 52.09560590000000246, -106.65751269999999806 52.09570670000000092, -106.65758619999999723 52.0957367999999974, -106.65762560000000292 52.09575290000000081, -106.65780680000000302 52.09575499999999693, -106.6579162000000025 52.09571509999999961, -106.65801879999999358 52.09558899999999682, -106.65805980000000375 52.0954545999999965, -106.65806670000000622 52.09536219999999673, -106.65812479999999596 52.0952697000000029, -106.65838279999999827 52.09509349999999728, -106.65843200000000479 52.09503459999999819, -106.65841910000000325 52.09496450000000323, -106.65836470000000702 52.09491359999999815, -106.65824290000000474 52.09487690000000271, -106.65802259999999535 52.09487380000000201, -106.65767019999999832 52.09496930000000248, -106.65754579999999407 52.09499160000000018, -106.6571985000000069 52.09498359999999906, -106.65698340000000144 52.09499319999999756, -106.65687459999999476 52.09502979999999894, -106.65676580000000229 52.09514599999999973, -106.65669330000000059 52.09527800000000042)",999,w430369262,430369262,way,footway,NULL,NULL,NULL,NULL,NULL,NULL,NULL,NULL,NULL,NULL,NULL,NULL,NULL,NULL,NULL,NULL,NULL,NULL,NULL,NULL,NULL,NULL,NULL,NULL,NULL,NULL
"LineString (-106.65758619999999723 52.0957367999999974, -106.65743170000000362 52.09578599999999682, -106.65726329999999678 52.09579550000000125, -106.6570999999999998 52.09580350000000237, -106.65688500000000261 52.09580350000000237, -106.65685129999999958 52.09605189999999908, -106.65672150000000329 52.09605539999999735, -106.65659639999999797 52.0960763, -106.65648330000000499 52.09609960000000228)",1000,w430369263,430369263,way,footway,NULL,NULL,NULL,NULL,NULL,NULL,NULL,NULL,NULL,NULL,NULL,NULL,NULL,NULL,NULL,NULL,NULL,NULL,NULL,NULL,NULL,NULL,NULL,NULL,NULL,NULL
"LineString (-106.66452040000000068 52.09473580000000226, -106.66451809999999512 52.09477100000000149, -106.66446940000000154 52.09479019999999849, -106.66395540000000608 52.09485949999999832, -106.66376130000000444 52.09488569999999896, -106.6635548 52.09491049999999746, -106.66344209999999748 52.09490060000000256, -106.66335359999999355 52.09483960000000025, -106.66189719999999852 52.09313410000000033, -106.66189719999999852 52.09308790000000045, -106.66194550000000163 52.09303680000000014, -106.66200449999999478 52.09302859999999669, -106.6622566000000063 52.09304010000000318, -106.66240679999999941 52.09307309999999802, -106.66257050000000106 52.09313600000000122, -106.66262140000000613 52.09315550000000172, -106.6637989000000033 52.09385089999999963, -106.66391149999999755 52.09393330000000333, -106.66405899999999463 52.09406179999999864, -106.66428969999999765 52.094327100000001, -106.66438630000000387 52.09448040000000191, -106.66452040000000068 52.09473580000000226)",1001,w430407099,430407099,way,footway,NULL,NULL,NULL,NULL,NULL,NULL,NULL,NULL,NULL,NULL,NULL,NULL,NULL,NULL,NULL,NULL,NULL,NULL,NULL,NULL,NULL,NULL,NULL,NULL,NULL,NULL
"LineString (-106.66349590000000092 52.09503219999999857, -106.66400149999999769 52.09496750000000276, -106.66451019999999517 52.09490230000000111, -106.66455899999999701 52.09490360000000209, -106.66460370000000069 52.09492350000000016, -106.66486600000000351 52.09563409999999806, -106.66485989999999617 52.09565529999999711)",1002,w430410157,430410157,way,footway,NULL,NULL,NULL,NULL,NULL,NULL,NULL,NULL,NULL,NULL,NULL,NULL,NULL,NULL,NULL,NULL,NULL,NULL,NULL,NULL,NULL,NULL,NULL,NULL,NULL,NULL
"LineString (-106.66424530000000459 52.09567630000000094, -106.66417479999999784 52.09567530000000346, -106.66384960000000603 52.09568529999999953, -106.66353859999999543 52.09571280000000115, -106.66320930000000544 52.0957776999999993, -106.66283529999999757 52.09588389999999691, -106.66281060000000025 52.09588540000000023, -106.66277909999999451 52.09587299999999743, -106.66253240000000346 52.09558499999999981, -106.66240430000000572 52.09543550000000067, -106.66148400000000152 52.09437599999999691, -106.66117859999999951 52.09402440000000212, -106.66042849999999476 52.093168900000002, -106.66043050000000392 52.09312270000000211, -106.66046910000000025 52.09307019999999966, -106.66053619999999569 52.09304029999999841, -106.66063789999999756 52.09302900000000136, -106.6609844000000038 52.09302809999999795, -106.6615587000000005 52.09302650000000057, -106.66160340000000417 52.09303649999999664, -106.66164410000000373 52.09307150000000064, -106.66248600000000124 52.0940542000000022, -106.66326820000000453 52.09496719999999925, -106.66333529999999996 52.09500599999999793, -106.66340850000000273 52.09502839999999679, -106.66349590000000092 52.09503219999999857)",1003,w430410159,430410159,way,footway,NULL,NULL,NULL,NULL,NULL,NULL,NULL,NULL,NULL,NULL,NULL,NULL,NULL,NULL,NULL,NULL,NULL,NULL,NULL,NULL,NULL,NULL,NULL,NULL,NULL,NULL
"LineString (-106.658274899999995 52.09725470000000058, -106.65827509999999734 52.09732050000000214, -106.658274899999995 52.09739179999999692)",1004,w430419566,430419566,way,footway,NULL,NULL,NULL,NULL,NULL,NULL,NULL,NULL,NULL,NULL,NULL,NULL,NULL,NULL,NULL,NULL,NULL,NULL,NULL,NULL,NULL,NULL,NULL,NULL,NULL,NULL
"LineString (-106.65835649999999646 52.09725470000000058, -106.65835889999999608 52.09668460000000323)",1005,w430419567,430419567,way,footway,NULL,NULL,NULL,NULL,NULL,NULL,NULL,NULL,NULL,NULL,NULL,NULL,NULL,NULL,NULL,NULL,NULL,NULL,NULL,NULL,NULL,NULL,NULL,NULL,NULL,NULL
"LineString (-106.65738059999999621 52.09642639999999858, -106.65685310000000641 52.09643340000000222)",1006,w430419568,430419568,way,footway,NULL,NULL,NULL,NULL,NULL,NULL,NULL,NULL,NULL,NULL,NULL,NULL,NULL,NULL,NULL,NULL,NULL,NULL,NULL,NULL,NULL,NULL,NULL,NULL,NULL,NULL
"LineString (-106.6580366999999967 52.09725470000000058, -106.6580366999999967 52.09731990000000224, -106.65803789999999651 52.0973868999999965)",1007,w430419569,430419569,way,footway,NULL,NULL,NULL,NULL,NULL,NULL,NULL,NULL,NULL,NULL,NULL,NULL,NULL,NULL,NULL,NULL,NULL,NULL,NULL,NULL,NULL,NULL,NULL,NULL,NULL,NULL
"LineString (-106.65754900000000305 52.09725480000000175, -106.65754370000000506 52.09711490000000111, -106.65734729999999786 52.09711599999999976, -106.65734199999999987 52.09696710000000053, -106.65739510000000223 52.09696710000000053)",1008,w430419570,430419570,way,footway,NULL,NULL,NULL,NULL,NULL,NULL,NULL,NULL,NULL,NULL,NULL,NULL,NULL,NULL,NULL,NULL,NULL,NULL,NULL,NULL,NULL,NULL,NULL,NULL,NULL,NULL
"LineString (-106.65687389999999368 52.09724450000000218, -106.65674889999999664 52.09724390000000227, -106.65662149999999997 52.09724229999999778)",1009,w430419573,430419573,way,footway,NULL,NULL,NULL,NULL,NULL,NULL,NULL,NULL,NULL,NULL,NULL,NULL,NULL,NULL,NULL,NULL,NULL,NULL,NULL,NULL,NULL,NULL,NULL,NULL,NULL,NULL
"LineString (-106.65662910000000352 52.09644099999999867, -106.65664080000000524 52.09682300000000055, -106.65664230000000146 52.09687149999999889, -106.65664230000000146 52.09713899999999853, -106.65664230000000146 52.09720860000000187, -106.65662149999999997 52.09724229999999778, -106.65656979999999976 52.09725780000000128, -106.65636120000000631 52.09725759999999894, -106.65606320000000551 52.09725739999999661, -106.65533229999999776 52.0972567999999967, -106.6546603000000033 52.0972561999999968, -106.65414459999999508 52.09725780000000128, -106.65409900000000221 52.09724800000000045, -106.65408290000000591 52.09722320000000195, -106.65408560000000193 52.09679810000000089, -106.65407759999999371 52.09672400000000181, -106.6540185000000065 52.09655260000000254, -106.65402930000000481 52.0965295000000026, -106.65407220000000166 52.09651470000000018, -106.65460840000000076 52.09645679999999857, -106.65526439999999297 52.09637550000000061, -106.65649279999999521 52.09622329999999835, -106.65653969999999617 52.09622590000000031, -106.65657670000000223 52.09625199999999978, -106.65662910000000352 52.09644099999999867)",1010,w430419574,430419574,way,footway,NULL,NULL,NULL,NULL,NULL,NULL,NULL,NULL,NULL,NULL,NULL,NULL,NULL,NULL,NULL,NULL,NULL,NULL,NULL,NULL,NULL,NULL,NULL,NULL,NULL,NULL
"LineString (-106.65653969999999617 52.09622590000000031, -106.65667030000000182 52.09620730000000322, -106.65678640000000144 52.09619390000000294)",1011,w430419575,430419575,way,footway,NULL,NULL,NULL,NULL,NULL,NULL,NULL,NULL,NULL,NULL,NULL,NULL,NULL,NULL,NULL,NULL,NULL,NULL,NULL,NULL,NULL,NULL,NULL,NULL,NULL,NULL
"LineString (-106.65648330000000499 52.09609960000000228, -106.6564441999999957 52.09611840000000171, -106.65585249999999462 52.09618929999999892, -106.65453349999999944 52.09634750000000025, -106.65400689999999884 52.09641059999999868, -106.65395200000000386 52.09641189999999966, -106.6539175000000057 52.09639310000000023, -106.65345200000000148 52.09571509999999961, -106.6534479000000033 52.09567880000000173, -106.65348860000000286 52.09565760000000267, -106.65399510000000305 52.09557569999999771, -106.65410319999999444 52.09555819999999926, -106.65466349999999807 52.09542160000000166, -106.65524379999999383 52.09526910000000299, -106.65574689999999691 52.09513689999999997, -106.65580400000000338 52.09513549999999782, -106.65585869999999602 52.09516059999999982, -106.65647060000000579 52.09603599999999801, -106.65649089999999433 52.09607220000000183, -106.65648330000000499 52.09609960000000228)",1012,w430419576,430419576,way,footway,NULL,NULL,NULL,NULL,NULL,NULL,NULL,NULL,NULL,NULL,NULL,NULL,NULL,NULL,NULL,NULL,NULL,NULL,NULL,NULL,NULL,NULL,NULL,NULL,NULL,NULL
"LineString (-106.64954579999999851 52.0956980999999999, -106.64949760000000367 52.09569489999999803, -106.6491235999999958 52.09563620000000128, -106.64897919999999942 52.09562240000000344, -106.64887559999999667 52.09563239999999951, -106.64873129999999435 52.09568110000000019, -106.64827999999999975 52.09595589999999987, -106.6482026999999988 52.0960283000000004, -106.64814990000000705 52.09611939999999919, -106.64814180000000476 52.09620189999999695, -106.64815260000000308 52.0972178000000028, -106.64816670000000443 52.09724829999999685, -106.648202100000006 52.09725809999999768, -106.64883799999999781 52.09725579999999923, -106.64943200000000445 52.09725370000000311, -106.64948149999999316 52.09723960000000176, -106.64949919999999395 52.09720480000000009, -106.64952580000000637 52.09657320000000169, -106.64955059999999776 52.09652530000000326, -106.6496566999999942 52.09646450000000328, -106.64974170000000697 52.09644490000000161, -106.65246329999999375 52.09645030000000077, -106.65252879999999891 52.0964665999999994, -106.65261019999999803 52.09653190000000222, -106.6527375999999947 52.09671449999999737, -106.65275350000000287 52.09676780000000207, -106.65275239999999712 52.09690679999999929, -106.6527499999999975 52.09721569999999957, -106.65276360000000011 52.09724400000000344, -106.6528224999999992 52.09726020000000091, -106.65333420000000331 52.09725799999999651, -106.65384969999999498 52.09725579999999923, -106.65388020000000324 52.09724709999999703, -106.65390460000000417 52.0972209000000035, -106.65388419999999314 52.09672009999999887, -106.65386589999999956 52.09664020000000306, -106.65379450000000361 52.09648719999999855, -106.65329680000000678 52.09574229999999773, -106.65324999999999989 52.09570980000000162, -106.65315850000000353 52.09569739999999882, -106.65261590000000069 52.09570620000000218, -106.65167340000000706 52.09572159999999741, -106.64995899999999551 52.09572229999999848, -106.6497537000000051 52.09571230000000241, -106.64954579999999851 52.0956980999999999)",1017,w431042975,431042975,way,footway,NULL,NULL,NULL,NULL,NULL,NULL,NULL,NULL,NULL,NULL,NULL,NULL,NULL,NULL,NULL,NULL,NULL,NULL,NULL,NULL,NULL,NULL,NULL,NULL,NULL,NULL
"LineString (-106.65257040000000188 52.09678670000000267, -106.65256979999999487 52.09690679999999929, -106.65256840000000693 52.09720750000000322, -106.65255009999999913 52.09724119999999914, -106.65249930000000234 52.0972561999999968, -106.64975509999999304 52.09725499999999698, -106.6497063000000054 52.09723999999999933, -106.6496879999999976 52.09721379999999868, -106.64969619999999395 52.09690460000000201, -106.64970429999999624 52.09659940000000233, -106.64971850000000586 52.0965744000000015, -106.64976520000000448 52.09656569999999931, -106.65237530000000277 52.09656069999999772, -106.65242609999999956 52.09657190000000071, -106.65245659999999361 52.09659940000000233, -106.65255410000000325 52.0967330000000004, -106.65257040000000188 52.09678670000000267)",1018,w431042976,431042976,way,footway,NULL,NULL,NULL,NULL,NULL,NULL,NULL,NULL,NULL,NULL,NULL,NULL,NULL,NULL,NULL,NULL,NULL,NULL,NULL,NULL,NULL,NULL,NULL,NULL,NULL,NULL
"LineString (-106.64897919999999942 52.09562240000000344, -106.64879639999999483 52.09557459999999907)",1019,w431042978,431042978,way,footway,NULL,NULL,NULL,NULL,NULL,NULL,NULL,NULL,NULL,NULL,NULL,NULL,NULL,NULL,NULL,NULL,NULL,NULL,NULL,NULL,NULL,NULL,NULL,NULL,NULL,NULL
"LineString (-106.64879639999999483 52.09557459999999907, -106.64804870000000392 52.0954127999999983, -106.64793650000000014 52.09540230000000349, -106.6479111999999958 52.09539689999999723, -106.64728700000000572 52.09539469999999994, -106.64668450000000632 52.09539259999999672, -106.64664989999999989 52.09541500000000269, -106.64663079999999695 52.09545190000000048, -106.64663889999999924 52.09721619999999831, -106.64666130000000521 52.09724570000000199, -106.64670300000000225 52.09725259999999736, -106.64728660000000104 52.09725410000000068, -106.6479075000000023 52.09725559999999689, -106.64794770000000312 52.09724200000000138, -106.64795900000000017 52.09721590000000191, -106.64796599999999671 52.0954252000000011, -106.64796069999999872 52.09540779999999671, -106.64793650000000014 52.09540230000000349)",1020,w431042979,431042979,way,footway,NULL,NULL,NULL,NULL,NULL,NULL,NULL,NULL,NULL,NULL,NULL,NULL,NULL,NULL,NULL,NULL,NULL,NULL,NULL,NULL,NULL,NULL,NULL,NULL,NULL,NULL
"LineString (-106.64818619999999783 52.0986969000000002, -106.64816380000000606 52.09866809999999759, -106.64817200000000241 52.09739940000000047, -106.64818420000000287 52.09738440000000281)",1021,w431275412,431275412,way,footway,NULL,NULL,NULL,NULL,NULL,NULL,NULL,NULL,NULL,NULL,NULL,NULL,NULL,NULL,NULL,NULL,NULL,NULL,NULL,NULL,NULL,NULL,NULL,NULL,NULL,NULL
"LineString (-106.64949119999999994 52.09737820000000141, -106.64949930000000222 52.09740819999999673, -106.64950539999999535 52.09866809999999759, -106.64948920000000498 52.09869059999999763)",1022,w431275413,431275413,way,footway,NULL,NULL,NULL,NULL,NULL,NULL,NULL,NULL,NULL,NULL,NULL,NULL,NULL,NULL,NULL,NULL,NULL,NULL,NULL,NULL,NULL,NULL,NULL,NULL,NULL,NULL
"LineString (-106.65111550000000307 52.09738649999999893, -106.6511377000000067 52.09740500000000196, -106.65113900000000058 52.09867890000000301, -106.65113089999999829 52.09870140000000305)",1023,w431275414,431275414,way,footway,NULL,NULL,NULL,NULL,NULL,NULL,NULL,NULL,NULL,NULL,NULL,NULL,NULL,NULL,NULL,NULL,NULL,NULL,NULL,NULL,NULL,NULL,NULL,NULL,NULL,NULL
"LineString (-106.64974049999999295 52.09870509999999655, -106.64971810000000119 52.09867640000000222, -106.64971459999999581 52.09739950000000164, -106.649738499999998 52.09737899999999655)",1024,w431275415,431275415,way,footway,NULL,NULL,NULL,NULL,NULL,NULL,NULL,NULL,NULL,NULL,NULL,NULL,NULL,NULL,NULL,NULL,NULL,NULL,NULL,NULL,NULL,NULL,NULL,NULL,NULL,NULL
"LineString (-106.65136950000000127 52.09738980000000197, -106.65140610000000265 52.09738229999999959, -106.65197759999999505 52.09738579999999786, -106.65250509999999906 52.09738899999999973, -106.65253979999999956 52.09739569999999986, -106.6525532999999939 52.09741410000000172, -106.65255460000000198 52.09866459999999933, -106.65253090000000213 52.09869700000000137, -106.65249029999999664 52.09871230000000253, -106.65198390000000472 52.09871150000000029, -106.65142170000000021 52.09871069999999804, -106.65136889999999426 52.09869950000000216, -106.65134919999999852 52.09867409999999666, -106.65135730000000081 52.09740610000000061, -106.65136950000000127 52.09738980000000197)",1025,w431275417,431275417,way,footway,NULL,NULL,NULL,NULL,NULL,NULL,NULL,NULL,NULL,NULL,NULL,NULL,NULL,NULL,NULL,NULL,NULL,NULL,NULL,NULL,NULL,NULL,NULL,NULL,NULL,NULL
"LineString (-106.65136510000000669 52.09883920000000046, -106.65140169999999387 52.09883169999999808, -106.6519846000000058 52.09882999999999953, -106.65250600000000247 52.09882840000000215, -106.65254430000000241 52.09883800000000065, -106.65256479999999328 52.09886240000000157, -106.6525501999999932 52.1001223999999965, -106.65252649999999335 52.10014629999999869, -106.65248440000000585 52.10015779999999808, -106.65199250000000575 52.10015880000000266, -106.65141730000000564 52.10016000000000247, -106.65136449999999968 52.10014879999999948, -106.65134480000000394 52.10012340000000108, -106.65135290000000623 52.09885539999999793, -106.65136510000000669 52.09883920000000046)",1026,w431275419,431275419,way,footway,NULL,NULL,NULL,NULL,NULL,NULL,NULL,NULL,NULL,NULL,NULL,NULL,NULL,NULL,NULL,NULL,NULL,NULL,NULL,NULL,NULL,NULL,NULL,NULL,NULL,NULL
"LineString (-106.64883150000000001 52.09882970000000313, -106.6494844999999998 52.09883310000000023, -106.64951000000000647 52.09884919999999653, -106.64951469999999745 52.09886929999999694, -106.64950949999999352 52.10011980000000165, -106.6494904000000048 52.10014639999999986, -106.64943789999999524 52.10015969999999896, -106.64883939999999996 52.10015909999999906, -106.64822580000000585 52.10015849999999915, -106.64817960000000596 52.1001505999999992, -106.64815860000000214 52.10012270000000001, -106.64815299999999354 52.09885020000000111, -106.64817089999999666 52.09883229999999799)",1027,w431275423,431275423,way,footway,NULL,NULL,NULL,NULL,NULL,NULL,NULL,NULL,NULL,NULL,NULL,NULL,NULL,NULL,NULL,NULL,NULL,NULL,NULL,NULL,NULL,NULL,NULL,NULL,NULL,NULL
"LineString (-106.65042099999999436 52.09882999999999953, -106.65106559999999547 52.09883330000000257, -106.65112059999999872 52.09884499999999719, -106.65113820000000544 52.09887599999999708, -106.65112729999999885 52.10012139999999903, -106.65110359999999901 52.10014879999999948, -106.65105889999999533 52.10015909999999906, -106.65038819999999475 52.10016000000000247, -106.6497729000000021 52.10016079999999761, -106.64972740000000329 52.1001474999999985, -106.64971450000000175 52.1001183999999995, -106.6497226999999981 52.09885040000000345, -106.64973489999999856 52.09883419999999887)",1028,w431275424,431275424,way,footway,NULL,NULL,NULL,NULL,NULL,NULL,NULL,NULL,NULL,NULL,NULL,NULL,NULL,NULL,NULL,NULL,NULL,NULL,NULL,NULL,NULL,NULL,NULL,NULL,NULL,NULL
"LineString (-106.64793339999999944 52.09883570000000219, -106.64794969999999807 52.0988625999999968, -106.64795069999999555 52.10011920000000174, -106.64792880000000252 52.10014650000000103, -106.64788570000000334 52.10015899999999789, -106.64727790000000596 52.10015909999999906, -106.64670759999999916 52.10015909999999906, -106.64668450000000632 52.10015620000000069, -106.64666060000000414 52.10014790000000318, -106.64663910000000158 52.10013320000000192, -106.64663020000000415 52.10012059999999678, -106.6466197999999963 52.09884980000000354, -106.6466350000000034 52.09883549999999985)",1029,w431275426,431275426,way,footway,NULL,NULL,NULL,NULL,NULL,NULL,NULL,NULL,NULL,NULL,NULL,NULL,NULL,NULL,NULL,NULL,NULL,NULL,NULL,NULL,NULL,NULL,NULL,NULL,NULL,NULL
"LineString (-106.65388079999999604 52.09739600000000337, -106.65389600000000314 52.09741439999999812, -106.65389559999999847 52.09866159999999979, -106.65387990000000684 52.09868409999999983, -106.65383459999999616 52.09869989999999973, -106.65332890000000532 52.09870320000000277, -106.65281269999999836 52.09870659999999987, -106.65277299999999627 52.09869599999999679, -106.65275789999999745 52.09867440000000016, -106.65275060000000451 52.09741019999999878, -106.65276280000000497 52.09739199999999926)",1030,w431276655,431276655,way,footway,NULL,NULL,NULL,NULL,NULL,NULL,NULL,NULL,NULL,NULL,NULL,NULL,NULL,NULL,NULL,NULL,NULL,NULL,NULL,NULL,NULL,NULL,NULL,NULL,NULL,NULL
"LineString (-106.65522260000000188 52.09739150000000052, -106.65523260000000505 52.09740769999999799, -106.65523389999999893 52.09866250000000321, -106.65521819999999309 52.09868509999999731, -106.65517289999999662 52.09870080000000314, -106.65466999999999587 52.09870409999999907, -106.65415099999999882 52.09870750000000328, -106.65411129999999673 52.0986969000000002, -106.65409630000000618 52.09867529999999647, -106.65409429999999702 52.0974024, -106.65410119999999949 52.09739290000000267)",1031,w431276657,431276657,way,footway,NULL,NULL,NULL,NULL,NULL,NULL,NULL,NULL,NULL,NULL,NULL,NULL,NULL,NULL,NULL,NULL,NULL,NULL,NULL,NULL,NULL,NULL,NULL,NULL,NULL,NULL
"LineString (-106.65545249999999555 52.09738240000000076, -106.65548909999999694 52.09737489999999838, -106.65600310000000661 52.09737410000000324, -106.65658349999999643 52.09737309999999866, -106.65661509999999623 52.09738449999999688, -106.65663630000000239 52.09740670000000051, -106.65663759999999627 52.09865719999999811, -106.65661389999999642 52.09868960000000015, -106.65657330000000513 52.09870490000000132, -106.6559993999999989 52.0987039999999979, -106.6555046999999945 52.09870329999999683, -106.65545190000000275 52.09869210000000095, -106.65543220000000701 52.09866670000000255, -106.6554349999999971 52.09739869999999939, -106.65545249999999555 52.09738240000000076)",1032,w431276659,431276659,way,footway,NULL,NULL,NULL,NULL,NULL,NULL,NULL,NULL,NULL,NULL,NULL,NULL,NULL,NULL,NULL,NULL,NULL,NULL,NULL,NULL,NULL,NULL,NULL,NULL,NULL,NULL
"LineString (-106.65686879999999803 52.097383200000003, -106.65690539999999942 52.09737570000000062, -106.65748739999999373 52.09737919999999889, -106.65800439999999583 52.09738240000000076, -106.65803789999999651 52.0973868999999965, -106.65805419999999515 52.09739640000000094, -106.6580643000000066 52.09741540000000271, -106.65805389999999875 52.09865800000000036, -106.6580301999999989 52.0986904000000024, -106.6579895999999934 52.09870569999999645, -106.65748560000000111 52.09870490000000132, -106.65692099999999698 52.09870409999999907, -106.65686820000000523 52.09869290000000319, -106.65684849999999528 52.09866749999999769, -106.65685659999999757 52.09739950000000164, -106.65686879999999803 52.097383200000003)",1033,w431276661,431276661,way,footway,NULL,NULL,NULL,NULL,NULL,NULL,NULL,NULL,NULL,NULL,NULL,NULL,NULL,NULL,NULL,NULL,NULL,NULL,NULL,NULL,NULL,NULL,NULL,NULL,NULL,NULL
"LineString (-106.65686279999999897 52.09884040000000027, -106.65689940000000036 52.09883289999999789, -106.65748600000000579 52.09882710000000117, -106.65800040000000592 52.09882209999999958, -106.65803719999999544 52.09883510000000229, -106.65805469999999389 52.09885599999999783, -106.65806999999999505 52.10012329999999992, -106.65804029999999614 52.10015330000000233, -106.6579887000000042 52.10016089999999878, -106.65749660000000176 52.1001599000000013, -106.65691499999999792 52.10015870000000149, -106.65687520000000177 52.10014509999999888, -106.65686080000000402 52.10012340000000108, -106.65685059999999851 52.09885669999999891, -106.65686279999999897 52.09884040000000027)",1034,w431276663,431276663,way,footway,NULL,NULL,NULL,NULL,NULL,NULL,NULL,NULL,NULL,NULL,NULL,NULL,NULL,NULL,NULL,NULL,NULL,NULL,NULL,NULL,NULL,NULL,NULL,NULL,NULL,NULL
"LineString (-106.65544319999999345 52.09883750000000191, -106.65547979999999484 52.09882999999999953, -106.65599960000000124 52.09882979999999719, -106.65657760000000565 52.09882950000000079, -106.65662170000000231 52.09884269999999873, -106.65663170000000548 52.09886900000000054, -106.65664049999999463 52.09984039999999794, -106.65664309999999659 52.10011970000000048, -106.65662299999999618 52.10014730000000327, -106.65657020000000443 52.10015949999999663, -106.6560597999999942 52.10015899999999789, -106.65600759999999525 52.10015889999999672, -106.65549540000000661 52.10015839999999798, -106.65544260000000065 52.1001472000000021, -106.65542290000000492 52.1001217999999966, -106.65543099999999299 52.09885380000000055, -106.65544319999999345 52.09883750000000191)",1035,w431276665,431276665,way,footway,NULL,NULL,NULL,NULL,NULL,NULL,NULL,NULL,NULL,NULL,NULL,NULL,NULL,NULL,NULL,NULL,NULL,NULL,NULL,NULL,NULL,NULL,NULL,NULL,NULL,NULL
"LineString (-106.65277690000000632 52.09884120000000252, -106.65281079999999747 52.09882879999999972, -106.65332720000000677 52.09882879999999972, -106.6538319999999942 52.09882879999999972, -106.65387479999999698 52.09884209999999882, -106.65389720000000295 52.09887210000000124, -106.65389650000000188 52.10011889999999823, -106.65388660000000698 52.10014280000000042, -106.65384140000000457 52.10015529999999728, -106.65332250000000158 52.10015659999999826, -106.65282129999999938 52.10015789999999924, -106.65277779999999552 52.10015109999999794, -106.65275389999999334 52.1001248999999973, -106.65276199999999562 52.0988623000000004, -106.65277690000000632 52.09884120000000252)",1036,w431276667,431276667,way,footway,NULL,NULL,NULL,NULL,NULL,NULL,NULL,NULL,NULL,NULL,NULL,NULL,NULL,NULL,NULL,NULL,NULL,NULL,NULL,NULL,NULL,NULL,NULL,NULL,NULL,NULL
"LineString (-106.65411829999999327 52.09883649999999733, -106.65415930000000344 52.09882739999999757, -106.65467040000000054 52.09882739999999757, -106.65518050000000017 52.09882739999999757, -106.65522330000000295 52.09884069999999667, -106.65523679999999729 52.09886740000000316, -106.65523539999999514 52.10012609999999711, -106.65521970000000351 52.10015020000000163, -106.65517649999999605 52.10016060000000238, -106.65466560000000129 52.10016029999999887, -106.65414989999999307 52.1001599000000013, -106.65411260000000482 52.10014869999999831, -106.65409470000000169 52.10012259999999884, -106.65409630000000618 52.09885990000000078, -106.65411829999999327 52.09883649999999733)",1037,w431276669,431276669,way,footway,NULL,NULL,NULL,NULL,NULL,NULL,NULL,NULL,NULL,NULL,NULL,NULL,NULL,NULL,NULL,NULL,NULL,NULL,NULL,NULL,NULL,NULL,NULL,NULL,NULL,NULL
"LineString (-106.64664639999999451 52.09870500000000249, -106.64662400000000275 52.09867630000000105, -106.64663210000000504 52.09739509999999996, -106.6466443000000055 52.09737890000000249)",1038,w431277995,431277995,way,footway,NULL,NULL,NULL,NULL,NULL,NULL,NULL,NULL,NULL,NULL,NULL,NULL,NULL,NULL,NULL,NULL,NULL,NULL,NULL,NULL,NULL,NULL,NULL,NULL,NULL,NULL
"LineString (-106.64795139999999662 52.09738639999999776, -106.64795949999999891 52.09741629999999901, -106.64795540000000074 52.09867500000000007, -106.64793720000000121 52.0986975000000001)",1039,w431277996,431277996,way,footway,NULL,NULL,NULL,NULL,NULL,NULL,NULL,NULL,NULL,NULL,NULL,NULL,NULL,NULL,NULL,NULL,NULL,NULL,NULL,NULL,NULL,NULL,NULL,NULL,NULL,NULL
"LineString (-106.64664319999999975 52.10031219999999763, -106.64664240000000461 52.10028009999999909, -106.64663910000000158 52.10013320000000192, -106.64652189999999621 52.1001314000000022, -106.64640500000000145 52.10013150000000337)",1040,w431746230,431746230,way,footway,NULL,NULL,NULL,NULL,NULL,NULL,NULL,NULL,NULL,NULL,NULL,NULL,NULL,NULL,NULL,NULL,NULL,NULL,NULL,NULL,NULL,NULL,NULL,NULL,NULL,NULL
"LineString (-106.6466443000000055 52.09737890000000249, -106.64666459999999404 52.09734410000000082, -106.64666130000000521 52.09724570000000199, -106.64652279999999962 52.09724510000000208, -106.64641670000000317 52.09724510000000208)",1041,w431857949,431857949,way,footway,NULL,NULL,NULL,NULL,NULL,NULL,NULL,NULL,NULL,NULL,NULL,NULL,NULL,NULL,NULL,NULL,NULL,NULL,NULL,NULL,NULL,NULL,NULL,NULL,NULL,NULL
"LineString (-106.65662299999999618 52.10014730000000327, -106.65662570000000642 52.10028770000000264, -106.65662399999999366 52.10037719999999695, -106.6567577 52.10037690000000055, -106.65687760000000139 52.10037750000000045, -106.65687739999999906 52.10028760000000148, -106.65687520000000177 52.10014509999999888, -106.65674830000000384 52.10014619999999752, -106.65662299999999618 52.10014730000000327)",1042,w431863464,431863464,way,footway,NULL,NULL,NULL,NULL,NULL,NULL,NULL,NULL,NULL,NULL,NULL,NULL,NULL,NULL,NULL,NULL,NULL,NULL,NULL,NULL,NULL,NULL,NULL,NULL,NULL,NULL
"LineString (-106.65919169999999383 52.09942720000000094, -106.65832570000000601 52.09942490000000248, -106.65828100000000234 52.09943489999999855, -106.65825660000000141 52.0994585999999984, -106.65826169999999706 52.0997983999999974, -106.65826669999999865 52.10012540000000314, -106.65829109999999957 52.10014919999999705, -106.658344299999996 52.10016190000000336, -106.66012489999999957 52.10015849999999915, -106.66064140000000293 52.10015750000000168, -106.66069179999999506 52.10014879999999948, -106.6607120999999978 52.10012090000000029, -106.66070689999999388 52.0993031000000002, -106.66066899999999862 52.09913670000000252, -106.66059420000000557 52.09899039999999815, -106.66001230000000533 52.09830000000000183, -106.6597974000000022 52.09804510000000022, -106.6597531000000032 52.09801269999999818, -106.65970249999999453 52.09800330000000201, -106.65963680000000124 52.09800930000000108, -106.65908790000000295 52.09814750000000316, -106.65890500000000429 52.09817999999999927, -106.65868550000000425 52.09819869999999753, -106.65833940000000268 52.09820650000000342, -106.65827539999999374 52.09821749999999696, -106.65825660000000141 52.09824739999999821, -106.65826090000000193 52.09855209999999914, -106.65826599999999758 52.09890920000000136, -106.65828659999999672 52.09893699999999939, -106.65833659999999838 52.09894899999999751, -106.65909159999999645 52.09891050000000234, -106.65916219999999726 52.09892310000000037, -106.65922589999999559 52.09896919999999909, -106.65943969999999297 52.09921219999999664, -106.65945999999999572 52.09926029999999741, -106.65946280000000002 52.09932030000000225, -106.65942400000000134 52.0993787000000026, -106.65938529999999673 52.09940389999999866, -106.65930880000000514 52.09942070000000314, -106.65919169999999383 52.09942720000000094)",1043,w431894573,431894573,way,footway,NULL,NULL,NULL,NULL,NULL,NULL,NULL,NULL,NULL,NULL,NULL,NULL,NULL,NULL,NULL,NULL,NULL,NULL,NULL,NULL,NULL,NULL,NULL,NULL,NULL,NULL
"LineString (-106.66094909999999629 52.10015930000000139, -106.66146829999999568 52.10015930000000139, -106.66207830000000456 52.10015930000000139, -106.66211839999999711 52.10014610000000346, -106.66213229999999612 52.10011670000000095, -106.6621106999999995 52.09928589999999815, -106.66209680000000048 52.09913540000000154, -106.66205209999999681 52.09898210000000063, -106.66197970000000339 52.09881270000000342, -106.66191200000000094 52.09870010000000207, -106.66169010000000128 52.09841430000000173, -106.66058940000000632 52.09714999999999918, -106.66035449999999685 52.09688020000000108, -106.66031289999999387 52.09686030000000301, -106.66024969999999428 52.09686599999999856, -106.65898500000000126 52.09728530000000291, -106.65882469999999671 52.09732879999999966, -106.65867839999999944 52.09735620000000011, -106.6584904999999992 52.0973741999999973, -106.65832559999999773 52.09738180000000085, -106.658274899999995 52.09739179999999692, -106.65826090000000193 52.09741770000000116, -106.65826300000000515 52.09771769999999691, -106.65826549999999884 52.09806129999999769, -106.65828089999999406 52.09808679999999725, -106.65832410000000152 52.09810099999999977, -106.65869229999999845 52.09808970000000272, -106.65886020000000656 52.0980782999999974, -106.65909430000000668 52.09802909999999798, -106.65959189999999523 52.09789849999999944, -106.65967670000000567 52.09789159999999697, -106.6597567999999967 52.09789880000000295, -106.659829000000002 52.09791589999999673, -106.6599247000000048 52.09797139999999871, -106.65999089999999683 52.09803099999999887, -106.66008800000000178 52.09813890000000214, -106.66075960000000578 52.09893670000000299, -106.66081819999999425 52.09902749999999827, -106.66087210000000596 52.09915339999999873, -106.66089060000000188 52.09921959999999785, -106.66090909999999781 52.09938050000000231, -106.66089519999999879 52.1001223999999965, -106.66090749999999332 52.10014610000000346, -106.66094909999999629 52.10015930000000139)",1044,w431918357,431918357,way,footway,NULL,NULL,NULL,NULL,NULL,NULL,NULL,NULL,NULL,NULL,NULL,NULL,NULL,NULL,NULL,NULL,NULL,NULL,NULL,NULL,NULL,NULL,NULL,NULL,NULL,NULL
"LineString (-106.66031289999999387 52.09686030000000301, -106.66041280000000313 52.09682569999999657, -106.66055049999999937 52.09678060000000244)",1045,w431918358,431918358,way,footway,NULL,NULL,NULL,NULL,NULL,NULL,NULL,NULL,NULL,NULL,NULL,NULL,NULL,NULL,NULL,NULL,NULL,NULL,NULL,NULL,NULL,NULL,NULL,NULL,NULL,NULL
"LineString (-106.65596209999999644 52.09492339999999899, -106.65600229999999726 52.09498909999999938, -106.65605490000000088 52.09507059999999967)",1149,w487354129,487354129,way,footway,NULL,NULL,NULL,NULL,NULL,NULL,NULL,NULL,NULL,NULL,NULL,NULL,NULL,NULL,NULL,NULL,NULL,NULL,NULL,NULL,NULL,NULL,NULL,NULL,NULL,NULL
"LineString (-106.65571339999999623 52.09498700000000326, -106.65582910000000538 52.0949561999999986, -106.65596209999999644 52.09492339999999899)",1150,w487354130,487354130,way,footway,NULL,NULL,NULL,NULL,NULL,NULL,NULL,NULL,NULL,NULL,NULL,NULL,NULL,NULL,NULL,NULL,NULL,NULL,NULL,NULL,NULL,NULL,NULL,NULL,NULL,NULL
"LineString (-106.65580400000000338 52.09513549999999782, -106.65576280000000509 52.09504640000000109, -106.65571339999999623 52.09498700000000326)",1151,w487354131,487354131,way,footway,NULL,NULL,NULL,NULL,NULL,NULL,NULL,NULL,NULL,NULL,NULL,NULL,NULL,NULL,NULL,NULL,NULL,NULL,NULL,NULL,NULL,NULL,NULL,NULL,NULL,NULL
"LineString (-106.65605490000000088 52.09507059999999967, -106.6559268999999972 52.09510190000000307, -106.65580400000000338 52.09513549999999782)",1152,w487354132,487354132,way,footway,NULL,NULL,NULL,NULL,NULL,NULL,NULL,NULL,NULL,NULL,NULL,NULL,NULL,NULL,NULL,NULL,NULL,NULL,NULL,NULL,NULL,NULL,NULL,NULL,NULL,NULL
"LineString (-106.64566979999999319 52.09884600000000177, -106.64651320000000112 52.09884890000000013)",1590,w609279816,609279816,way,footway,NULL,NULL,NULL,NULL,NULL,NULL,NULL,NULL,NULL,NULL,NULL,5,NULL,NULL,NULL,NULL,NULL,NULL,NULL,NULL,NULL,NULL,NULL,NULL,grass,NULL